mod,nAg,rRep,rOr,rAt,CCO,isolated,avgA2A
M,12,0.01,0.12,0.15,12,0,0.069970297923408
M,12,0.01,0.12,0.15,12,0,0.0766267861979
M,12,0.01,0.12,0.15,11,0.0833333333333333,0.027573616465875
M,12,0.01,0.12,0.15,10,0,0.116229071611836
M,12,0.01,0.12,0.15,12,0,0.062663310085647
M,12,0.01,0.12,0.15,12,0,0.041140723937327
M,12,0.01,0.12,0.15,12,0,0.023981429280024
M,12,0.01,0.12,0.15,12,0,0.029040510841827
M,12,0.01,0.12,0.15,11,0.0833333333333333,0.024855807146876
M,12,0.01,0.12,0.15,12,0,0.04932481485567
M,12,0.01,0.12,0.15,11,0.0833333333333333,0.035312100847208
M,12,0.01,0.12,0.15,12,0,0.063547043477723
M,12,0.01,0.12,0.15,12,0,0.045356970818717
M,12,0.01,0.12,0.15,12,0,0.061096502247595
M,12,0.01,0.12,0.15,7,0,0.035069767766851
M,12,0.01,0.12,0.15,11,0.0833333333333333,0.090095771803437
M,12,0.01,0.12,0.15,10,0,0.012108169737244
M,12,0.01,0.12,0.15,8,0,0.308943389284873
M,12,0.01,0.12,0.15,11,0.0833333333333333,0.133503877495486
M,12,0.01,0.12,0.15,8,0,0.129485783187811
M,12,0.01,0.12,0.15,12,0,0.028766328193611
M,12,0.01,0.12,0.15,12,0,0.03559349252085
M,12,0.01,0.12,0.15,12,0,0.033406577800719
M,12,0.01,0.12,0.15,12,0,0.049357486071557
M,12,0.01,0.12,0.15,11,0.0833333333333333,0.114916980625053
M,12,0.01,0.12,0.15,12,0,0.054964359382348
M,12,0.01,0.12,0.15,12,0,0.04196422072009
M,12,0.01,0.12,0.15,11,0.0833333333333333,0.057054615643722
M,12,0.01,0.12,0.15,12,0,0.018338550633302
M,12,0.01,0.12,0.15,4,0.166666666666667,0.266586655645899
M,12,0.01,0.12,0.15,8,0,0.346894192563569
M,12,0.01,0.12,0.15,10,0.166666666666667,0.078772815575369
M,12,0.01,0.12,0.15,12,0,0.063860074134151
M,12,0.01,0.12,0.15,7,0,0.155302762347652
M,12,0.01,0.12,0.15,7,0,0.077707114298852
M,12,0.01,0.12,0.15,12,0,0.058302519182099
M,12,0.01,0.12,0.15,12,0,0.043150052341223
M,12,0.01,0.12,0.15,12,0,0.034852207892161
M,12,0.01,0.12,0.15,11,0.0833333333333333,0.125541079491872
M,12,0.01,0.12,0.15,12,0,0.066452237440149
M,12,0.01,0.12,0.15,12,0,0.049124347322405
M,12,0.01,0.12,0.15,10,0,0.055609275412398
M,12,0.01,0.12,0.15,8,0,0.266424219160941
M,12,0.01,0.12,0.15,7,0,0.285430963797318
M,12,0.01,0.12,0.15,5,0,0.199062721725494
M,12,0.01,0.12,0.15,12,0,0.020778698482072
M,12,0.01,0.12,0.15,12,0,0.031823772966009
M,12,0.01,0.12,0.15,9,0,0.096885594759139
M,12,0.01,0.12,0.15,12,0,0.039034928958944
M,12,0.01,0.12,0.15,11,0.0833333333333333,0.116636000631052
M,12,0.01,0.12,0.15,12,0,0.050952318116085
M,12,0.01,0.12,0.15,11,0.0833333333333333,0.050838577432479
M,12,0.01,0.12,0.15,7,0.166666666666667,0.15099485808546
M,12,0.01,0.12,0.15,5,0.0833333333333333,0.286722812839849
M,12,0.01,0.12,0.15,7,0,0.310983068141211
M,12,0.01,0.12,0.15,9,0.0833333333333333,0.028372805913016
M,12,0.01,0.12,0.15,11,0.0833333333333333,0.039128770738919
M,12,0.01,0.12,0.15,7,0.0833333333333333,0.314035511037853
M,12,0.01,0.12,0.15,12,0,0.041432745849734
M,12,0.01,0.12,0.15,4,0,0.268526802003679
M,12,0.01,0.12,0.15,12,0,0.074514652668997
M,12,0.01,0.12,0.15,12,0,0.039666931308812
M,12,0.01,0.12,0.15,11,0.0833333333333333,0.038281297070777
M,12,0.01,0.12,0.15,7,0.0833333333333333,0.301655765436335
M,12,0.01,0.12,0.15,12,0,0.026552635024493
M,12,0.01,0.12,0.15,6,0,0.392685001758078
M,12,0.01,0.12,0.15,6,0,0.271030467092524
M,12,0.01,0.12,0.15,11,0.0833333333333333,0.037084919918733
M,12,0.01,0.12,0.15,5,0.166666666666667,0.341394269449384
M,12,0.01,0.12,0.15,12,0,0.051621389425314
M,12,0.01,0.12,0.15,12,0,0.031903778617031
M,12,0.01,0.12,0.15,8,0.0833333333333333,0.087424203685228
M,12,0.01,0.12,0.15,6,0,0.3004040948918
M,12,0.01,0.12,0.15,12,0,0.016372160297273
M,12,0.01,0.12,0.15,12,0,0.03798546730999
M,12,0.01,0.12,0.15,7,0,0.26410030006954
M,12,0.01,0.12,0.15,9,0,0.04331303770056
M,12,0.01,0.12,0.15,11,0.0833333333333333,0.074491710151328
M,12,0.01,0.12,0.15,12,0,0.04275366930856
M,12,0.01,0.12,0.15,12,0,0.035355010520435
M,12,0.01,0.12,0.15,7,0,0.298460150006721
M,12,0.01,0.12,0.15,11,0.0833333333333333,0.033588156410456
M,12,0.01,0.12,0.15,7,0,0.324191991353187
M,12,0.01,0.12,0.15,12,0,0.024994301193449
M,12,0.01,0.12,0.15,10,0.166666666666667,0.045981021765811
M,12,0.01,0.12,0.15,12,0,0.020830369942182
M,12,0.01,0.12,0.15,12,0,0.050249726439928
M,12,0.01,0.12,0.15,7,0.25,0.327989202090629
M,12,0.01,0.12,0.15,12,0,0.051273220014815
M,12,0.01,0.12,0.15,12,0,0.072809282010991
M,12,0.01,0.12,0.15,12,0,0.053376077712895
M,12,0.01,0.12,0.15,7,0.0833333333333333,0.159460600092578
M,12,0.01,0.12,0.15,10,0.166666666666667,0.064133825867798
M,12,0.01,0.12,0.15,10,0.166666666666667,0.156980015092716
M,12,0.01,0.12,0.15,7,0.166666666666667,0.241269583882932
M,12,0.01,0.12,0.15,12,0,0.019502003213933
M,12,0.01,0.12,0.15,9,0.25,0.055348812404999
M,12,0.01,0.12,0.15,12,0,0.060577301753389
M,12,0.01,0.12,0.15,12,0,0.03490093394349
M,12,0.01,0.12,0.15,11,0.0833333333333333,0.06681244735928
M,15,0.01,0.12,0.15,15,0,0.029987558592131
M,15,0.01,0.12,0.15,15,0,0.052916029856181
M,15,0.01,0.12,0.15,15,0,0.050777887840485
M,15,0.01,0.12,0.15,9,0.0666666666666667,0.21618218029439
M,15,0.01,0.12,0.15,11,0.133333333333333,0.290546618377379
M,15,0.01,0.12,0.15,15,0,0.018915297553485
M,15,0.01,0.12,0.15,15,0,0.03897779649084
M,15,0.01,0.12,0.15,15,0,0.042042209474222
M,15,0.01,0.12,0.15,15,0,0.060457503180025
M,15,0.01,0.12,0.15,14,0.0666666666666667,0.094606632114178
M,15,0.01,0.12,0.15,15,0,0.051478583965662
M,15,0.01,0.12,0.15,15,0,0.032224014621458
M,15,0.01,0.12,0.15,15,0,0.04559364852927
M,15,0.01,0.12,0.15,15,0,0.0208328190008
M,15,0.01,0.12,0.15,15,0,0.017975703554494
M,15,0.01,0.12,0.15,7,0.0666666666666667,0.247196598496593
M,15,0.01,0.12,0.15,15,0,0.019158346117955
M,15,0.01,0.12,0.15,11,0.0666666666666667,0.184540738507424
M,15,0.01,0.12,0.15,10,0.0666666666666667,0.047813976304616
M,15,0.01,0.12,0.15,15,0,0.035339307073351
M,15,0.01,0.12,0.15,15,0,0.041777331666609
M,15,0.01,0.12,0.15,14,0.0666666666666667,0.055124235933249
M,15,0.01,0.12,0.15,11,0.0666666666666667,0.277225078636309
M,15,0.01,0.12,0.15,15,0,0.029316195972056
M,15,0.01,0.12,0.15,10,0,0.257898547773438
M,15,0.01,0.12,0.15,14,0.0666666666666667,0.047190543440263
M,15,0.01,0.12,0.15,15,0,0.032716294006573
M,15,0.01,0.12,0.15,14,0.0666666666666667,0.063934166746713
M,15,0.01,0.12,0.15,15,0,0.052434696522187
M,15,0.01,0.12,0.15,15,0,0.011999291947146
M,15,0.01,0.12,0.15,11,0.133333333333333,0.05627317920192
M,15,0.01,0.12,0.15,15,0,0.051412981714632
M,15,0.01,0.12,0.15,14,0.0666666666666667,0.051072996072347
M,15,0.01,0.12,0.15,8,0,0.130818638396111
M,15,0.01,0.12,0.15,14,0.0666666666666667,0.134774594470883
M,15,0.01,0.12,0.15,8,0.0666666666666667,0.290106009306653
M,15,0.01,0.12,0.15,15,0,0.066423710760422
M,15,0.01,0.12,0.15,15,0,0.047198276012952
M,15,0.01,0.12,0.15,15,0,0.034425879948874
M,15,0.01,0.12,0.15,13,0,0.042055832248099
M,15,0.01,0.12,0.15,14,0.0666666666666667,0.0518153762182
M,15,0.01,0.12,0.15,15,0,0.052577905920038
M,15,0.01,0.12,0.15,14,0.0666666666666667,0.038030769342716
M,15,0.01,0.12,0.15,15,0,0.03973839934984
M,15,0.01,0.12,0.15,14,0.0666666666666667,0.065967438242942
M,15,0.01,0.12,0.15,15,0,0.060034535810948
M,15,0.01,0.12,0.15,15,0,0.063441982615213
M,15,0.01,0.12,0.15,15,0,0.050409345481963
M,15,0.01,0.12,0.15,14,0.0666666666666667,0.091993242474219
M,15,0.01,0.12,0.15,13,0.133333333333333,0.037832879157335
M,15,0.01,0.12,0.15,15,0,0.049625655685096
M,15,0.01,0.12,0.15,15,0,0.039384884975056
M,15,0.01,0.12,0.15,15,0,0.024731406021445
M,15,0.01,0.12,0.15,14,0.0666666666666667,0.056706371281399
M,15,0.01,0.12,0.15,8,0,0.05614718982608
M,15,0.01,0.12,0.15,15,0,0.044535765952923
M,15,0.01,0.12,0.15,15,0,0.049634289598076
M,15,0.01,0.12,0.15,12,0.0666666666666667,0.069714678843759
M,15,0.01,0.12,0.15,15,0,0.052865233851492
M,15,0.01,0.12,0.15,15,0,0.079308212254575
M,15,0.01,0.12,0.15,12,0,0.040086713694441
M,15,0.01,0.12,0.15,15,0,0.048387239472898
M,15,0.01,0.12,0.15,15,0,0.037953126844668
M,15,0.01,0.12,0.15,15,0,0.064925841873164
M,15,0.01,0.12,0.15,15,0,0.06478907543457
M,15,0.01,0.12,0.15,14,0.0666666666666667,0.020662258980867
M,15,0.01,0.12,0.15,15,0,0.036033344455469
M,15,0.01,0.12,0.15,15,0,0.042242757206134
M,15,0.01,0.12,0.15,15,0,0.045249123143772
M,15,0.01,0.12,0.15,10,0.0666666666666667,0.085132618023036
M,15,0.01,0.12,0.15,14,0.0666666666666667,0.1035679518635
M,15,0.01,0.12,0.15,13,0,0.057676344408999
M,15,0.01,0.12,0.15,15,0,0.047858501330602
M,15,0.01,0.12,0.15,15,0,0.076624932584609
M,15,0.01,0.12,0.15,15,0,0.029186529934636
M,15,0.01,0.12,0.15,13,0.133333333333333,0.129568631651126
M,15,0.01,0.12,0.15,15,0,0.043934944916944
M,15,0.01,0.12,0.15,15,0,0.049380475925336
M,15,0.01,0.12,0.15,9,0,0.27027237068574
M,15,0.01,0.12,0.15,15,0,0.036786871242169
M,15,0.01,0.12,0.15,15,0,0.055995660098016
M,15,0.01,0.12,0.15,14,0.0666666666666667,0.121863078611883
M,15,0.01,0.12,0.15,14,0.0666666666666667,0.055975577724477
M,15,0.01,0.12,0.15,15,0,0.053933493464545
M,15,0.01,0.12,0.15,15,0,0.045066338484929
M,15,0.01,0.12,0.15,15,0,0.043240312103894
M,15,0.01,0.12,0.15,14,0.0666666666666667,0.054599221757817
M,15,0.01,0.12,0.15,15,0,0.023095902449828
M,15,0.01,0.12,0.15,15,0,0.026847287646021
M,15,0.01,0.12,0.15,13,0,0.17540304754708
M,15,0.01,0.12,0.15,11,0.0666666666666667,0.172412340498799
M,15,0.01,0.12,0.15,15,0,0.019995571993399
M,15,0.01,0.12,0.15,14,0.0666666666666667,0.034786118506107
M,15,0.01,0.12,0.15,14,0.0666666666666667,0.067063691096986
M,15,0.01,0.12,0.15,14,0.0666666666666667,0.039629881238987
M,15,0.01,0.12,0.15,15,0,0.04161971331683
M,15,0.01,0.12,0.15,15,0,0.029177750705892
M,15,0.01,0.12,0.15,15,0,0.013500091600859
M,15,0.01,0.12,0.15,14,0.0666666666666667,0.059646960273681
M,15,0.01,0.12,0.15,13,0,0.057312152699899
M,8,0.01,0.12,0.15,3,0.125,0.423214644212493
M,8,0.01,0.12,0.15,5,0.125,0.319136822649894
M,8,0.01,0.12,0.15,6,0,0.048604478792436
M,8,0.01,0.12,0.15,3,0.125,0.081551734468494
M,8,0.01,0.12,0.15,3,0.25,0.294345962284278
M,8,0.01,0.12,0.15,8,0,0.02538514740528
M,8,0.01,0.12,0.15,5,0,0.09517320878394
M,8,0.01,0.12,0.15,7,0.125,0.087188166083637
M,8,0.01,0.12,0.15,4,0,0.370023966728379
M,8,0.01,0.12,0.15,3,0.125,0.356531613807705
M,8,0.01,0.12,0.15,8,0,0.062984356571808
M,8,0.01,0.12,0.15,8,0,0.03112830129659
M,8,0.01,0.12,0.15,4,0.125,0.375292685997989
M,8,0.01,0.12,0.15,8,0,0.035767205148812
M,8,0.01,0.12,0.15,4,0.125,0.235774094446731
M,8,0.01,0.12,0.15,6,0.25,0.048651067123925
M,8,0.01,0.12,0.15,4,0.125,0.230852473717522
M,8,0.01,0.12,0.15,4,0.125,0.233374441896248
M,8,0.01,0.12,0.15,5,0.125,0.130758606940732
M,8,0.01,0.12,0.15,4,0,0.363163875615387
M,8,0.01,0.12,0.15,5,0.125,0.134055524548278
M,8,0.01,0.12,0.15,4,0.125,0.335378232856273
M,8,0.01,0.12,0.15,5,0,0.075901210036039
M,8,0.01,0.12,0.15,7,0.125,0.029153029152399
M,8,0.01,0.12,0.15,4,0.125,0.336410775043961
M,8,0.01,0.12,0.15,5,0,0.312824020305388
M,8,0.01,0.12,0.15,4,0,0.271850604110042
M,8,0.01,0.12,0.15,3,0,0.294723781156925
M,8,0.01,0.12,0.15,8,0,0.073574467394762
M,8,0.01,0.12,0.15,3,0,0.404306878472415
M,8,0.01,0.12,0.15,5,0.125,0.217518742579874
M,8,0.01,0.12,0.15,4,0,0.332858139618229
M,8,0.01,0.12,0.15,7,0.125,0.031419328992321
M,8,0.01,0.12,0.15,3,0,0.356229654881711
M,8,0.01,0.12,0.15,8,0,0.00693238137767799
M,8,0.01,0.12,0.15,3,0.125,0.384516434942285
M,8,0.01,0.12,0.15,4,0,0.404516304111215
M,8,0.01,0.12,0.15,6,0,0.322127663901107
M,8,0.01,0.12,0.15,6,0.25,0.089562473176199
M,8,0.01,0.12,0.15,4,0,0.294461424164764
M,8,0.01,0.12,0.15,4,0.125,0.351126858057637
M,8,0.01,0.12,0.15,4,0.25,0.350675945284359
M,8,0.01,0.12,0.15,6,0,0.103091258781525
M,8,0.01,0.12,0.15,5,0,0.261957414506242
M,8,0.01,0.12,0.15,4,0,0.354155372142331
M,8,0.01,0.12,0.15,4,0.25,0.187136707254131
M,8,0.01,0.12,0.15,8,0,0.035630301822214
M,8,0.01,0.12,0.15,4,0.125,0.385940040526504
M,8,0.01,0.12,0.15,3,0.25,0.147990824636917
M,8,0.01,0.12,0.15,8,0,0.070792582138166
M,8,0.01,0.12,0.15,8,0,0.019069692191207
M,8,0.01,0.12,0.15,5,0.375,0.300949278102802
M,8,0.01,0.12,0.15,8,0,0.079177102164344
M,8,0.01,0.12,0.15,5,0,0.27940320180896
M,8,0.01,0.12,0.15,4,0.25,0.248070355704121
M,8,0.01,0.12,0.15,4,0.125,0.279789280002345
M,8,0.01,0.12,0.15,8,0,0.088792005544099
M,8,0.01,0.12,0.15,5,0,0.261577478186662
M,8,0.01,0.12,0.15,4,0,0.358322649632157
M,8,0.01,0.12,0.15,5,0.125,0.286759928558106
M,8,0.01,0.12,0.15,4,0,0.363950849204281
M,8,0.01,0.12,0.15,4,0,0.428843403588433
M,8,0.01,0.12,0.15,4,0,0.113490174683346
M,8,0.01,0.12,0.15,3,0.25,0.356949904899073
M,8,0.01,0.12,0.15,4,0,0.327848376611152
M,8,0.01,0.12,0.15,8,0,0.022560513132539
M,8,0.01,0.12,0.15,8,0,0.069611740126185
M,8,0.01,0.12,0.15,4,0,0.318888706260083
M,8,0.01,0.12,0.15,3,0.25,0.120014476994618
M,8,0.01,0.12,0.15,5,0,0.250897069753739
M,8,0.01,0.12,0.15,8,0,0.051831760816086
M,8,0.01,0.12,0.15,4,0.125,0.409680062370973
M,8,0.01,0.12,0.15,8,0,0.025492470522173
M,8,0.01,0.12,0.15,6,0,0.162368771478614
M,8,0.01,0.12,0.15,5,0,0.253801634345621
M,8,0.01,0.12,0.15,4,0.5,0.342968334427007
M,8,0.01,0.12,0.15,4,0.125,0.22655032677248
M,8,0.01,0.12,0.15,6,0,0.266678702306175
M,8,0.01,0.12,0.15,3,0,0.294353886701231
M,8,0.01,0.12,0.15,5,0.125,0.266937924084813
M,8,0.01,0.12,0.15,3,0.25,0.39873578144152
M,8,0.01,0.12,0.15,8,0,0.039709198847727
M,8,0.01,0.12,0.15,5,0,0.199920013412757
M,8,0.01,0.12,0.15,3,0.25,0.136116316024302
M,8,0.01,0.12,0.15,8,0,0.057384232965641
M,8,0.01,0.12,0.15,5,0.125,0.367977434188309
M,8,0.01,0.12,0.15,5,0,0.36667888644214
M,8,0.01,0.12,0.15,4,0.125,0.273251984916322
M,8,0.01,0.12,0.15,7,0.125,0.07159426676198
M,8,0.01,0.12,0.15,7,0.125,0.053584420964272
M,8,0.01,0.12,0.15,8,0,0.068815931819115
M,8,0.01,0.12,0.15,6,0,0.16407521982519
M,8,0.01,0.12,0.15,6,0,0.250002541646456
M,8,0.01,0.12,0.15,3,0.375,0.343534242672319
M,8,0.01,0.12,0.15,5,0,0.325176354092345
M,8,0.01,0.12,0.15,5,0,0.307822389705265
M,8,0.01,0.12,0.15,8,0,0.088808736619149
M,8,0.01,0.12,0.15,7,0.125,0.125065923251299
M,8,0.01,0.12,0.15,7,0.125,0.043963306376357
M,8,0.01,0.12,0.15,6,0,0.321337444530907
T2,12,0.01,0.12,0.15,10,0,0.123660041981367
T2,12,0.01,0.12,0.15,11,0,0.037380105481236
T2,12,0.01,0.12,0.15,12,0,0.041432751380318
T2,12,0.01,0.12,0.15,12,0,0.042969438034767
T2,12,0.01,0.12,0.15,12,0,0.081031208843395
T2,12,0.01,0.12,0.15,12,0,0.05960288771963
T2,12,0.01,0.12,0.15,11,0,0.032985032531848
T2,12,0.01,0.12,0.15,10,0,0.201430380590288
T2,12,0.01,0.12,0.15,8,0,0.33414100114215
T2,12,0.01,0.12,0.15,12,0,0.117270181769779
T2,12,0.01,0.12,0.15,12,0,0.023936306864616
T2,12,0.01,0.12,0.15,11,0,0.082053031645738
T2,12,0.01,0.12,0.15,10,0,0.054602498205133
T2,12,0.01,0.12,0.15,8,0,0.050851487930208
T2,12,0.01,0.12,0.15,11,0,0.038679729081748
T2,12,0.01,0.12,0.15,11,0,0.05651790934557
T2,12,0.01,0.12,0.15,9,0,0.062592961178662
T2,12,0.01,0.12,0.15,6,0,0.342078730782995
T2,12,0.01,0.12,0.15,7,0,0.046399875528568
T2,12,0.01,0.12,0.15,11,0,0.071427955605291
T2,12,0.01,0.12,0.15,12,0,0.029629908259679
T2,12,0.01,0.12,0.15,10,0,0.041986966322557
T2,12,0.01,0.12,0.15,7,0,0.327836348627028
T2,12,0.01,0.12,0.15,10,0,0.050977781734607
T2,12,0.01,0.12,0.15,12,0,0.068921752706381
T2,12,0.01,0.12,0.15,12,0,0.105668870320615
T2,12,0.01,0.12,0.15,9,0,0.268839983896936
T2,12,0.01,0.12,0.15,11,0,0.04615165734148
T2,12,0.01,0.12,0.15,9,0,0.063513282058565
T2,12,0.01,0.12,0.15,12,0,0.056145589681713
T2,12,0.01,0.12,0.15,10,0,0.085356727198296
T2,12,0.01,0.12,0.15,7,0,0.06047972715993
T2,12,0.01,0.12,0.15,9,0,0.070693202802185
T2,12,0.01,0.12,0.15,9,0,0.129455791693037
T2,12,0.01,0.12,0.15,10,0,0.033220529386174
T2,12,0.01,0.12,0.15,7,0,0.255205156634587
T2,12,0.01,0.12,0.15,11,0,0.125766846366198
T2,12,0.01,0.12,0.15,7,0,0.285970362636846
T2,12,0.01,0.12,0.15,9,0,0.037726279880744
T2,12,0.01,0.12,0.15,8,0,0.203962189191601
T2,12,0.01,0.12,0.15,6,0,0.343483378357147
T2,12,0.01,0.12,0.15,12,0,0.027160442153944
T2,12,0.01,0.12,0.15,12,0,0.067663122943883
T2,12,0.01,0.12,0.15,7,0,0.32214509742617
T2,12,0.01,0.12,0.15,12,0,0.112748465120757
T2,12,0.01,0.12,0.15,8,0,0.30099308213519
T2,12,0.01,0.12,0.15,10,0,0.186721676870089
T2,12,0.01,0.12,0.15,11,0,0.038948977581347
T2,12,0.01,0.12,0.15,12,0,0.033634083454939
T2,12,0.01,0.12,0.15,9,0,0.073193771276442
T2,12,0.01,0.12,0.15,11,0,0.135269626596374
T2,12,0.01,0.12,0.15,12,0,0.018291157979137
T2,12,0.01,0.12,0.15,12,0,0.067711377270162
T2,12,0.01,0.12,0.15,12,0,0.025037686582008
T2,12,0.01,0.12,0.15,11,0,0.078144988607956
T2,12,0.01,0.12,0.15,11,0,0.013540914058517
T2,12,0.01,0.12,0.15,12,0,0.065160262438262
T2,12,0.01,0.12,0.15,10,0,0.078197286812746
T2,12,0.01,0.12,0.15,9,0,0.284221412580439
T2,12,0.01,0.12,0.15,12,0,0.058043499643033
T2,12,0.01,0.12,0.15,12,0,0.07526463673558
T2,12,0.01,0.12,0.15,11,0,0.043010404211532
T2,12,0.01,0.12,0.15,12,0,0.089036094762877
T2,12,0.01,0.12,0.15,12,0,0.019894408339151
T2,12,0.01,0.12,0.15,12,0,0.08013915521344
T2,12,0.01,0.12,0.15,12,0,0.118899769562643
T2,12,0.01,0.12,0.15,8,0,0.30229928781358
T2,12,0.01,0.12,0.15,11,0,0.068147912556932
T2,12,0.01,0.12,0.15,12,0,0.141937369930092
T2,12,0.01,0.12,0.15,11,0,0.052132155864471
T2,12,0.01,0.12,0.15,11,0,0.054013057125893
T2,12,0.01,0.12,0.15,12,0,0.032387206939777
T2,12,0.01,0.12,0.15,12,0,0.035638088085966
T2,12,0.01,0.12,0.15,12,0,0.044391818635195
T2,12,0.01,0.12,0.15,8,0,0.040886542105006
T2,12,0.01,0.12,0.15,7,0,0.306128901207266
T2,12,0.01,0.12,0.15,12,0,0.07157651342971
T2,12,0.01,0.12,0.15,12,0,0.054788642528356
T2,12,0.01,0.12,0.15,8,0,0.059704982963233
T2,12,0.01,0.12,0.15,10,0,0.059813634661077
T2,12,0.01,0.12,0.15,12,0,0.049251780086669
T2,12,0.01,0.12,0.15,10,0,0.040546863210121
T2,12,0.01,0.12,0.15,10,0,0.024750806703213
T2,12,0.01,0.12,0.15,12,0,0.044745244847728
T2,12,0.01,0.12,0.15,10,0,0.065371076149667
T2,12,0.01,0.12,0.15,6,0,0.307487604644831
T2,12,0.01,0.12,0.15,10,0,0.042040207732657
T2,12,0.01,0.12,0.15,12,0,0.056111790273878
T2,12,0.01,0.12,0.15,12,0,0.017548357702602
T2,12,0.01,0.12,0.15,7,0,0.312279708891445
T2,12,0.01,0.12,0.15,12,0,0.053750198663417
T2,12,0.01,0.12,0.15,8,0,0.21666568781948
T2,12,0.01,0.12,0.15,12,0,0.036147766738627
T2,12,0.01,0.12,0.15,6,0,0.326521496187975
T2,12,0.01,0.12,0.15,6,0,0.147345782350704
T2,12,0.01,0.12,0.15,10,0,0.12857304115983
T2,12,0.01,0.12,0.15,10,0,0.117648127123086
T2,12,0.01,0.12,0.15,6,0,0.248076859655543
T2,12,0.01,0.12,0.15,12,0,0.047547028383894
T2,12,0.01,0.12,0.15,6,0,0.249300600628661
T2,15,0.01,0.12,0.15,15,0,0.011686609560222
T2,15,0.01,0.12,0.15,14,0,0.09179145966131
T2,15,0.01,0.12,0.15,10,0,0.04420736564156
T2,15,0.01,0.12,0.15,13,0,0.041163148798713
T2,15,0.01,0.12,0.15,8,0,0.045087491544907
T2,15,0.01,0.12,0.15,14,0,0.050993592073615
T2,15,0.01,0.12,0.15,14,0,0.205266158966471
T2,15,0.01,0.12,0.15,15,0,0.048785570692342
T2,15,0.01,0.12,0.15,14,0,0.03800335477668
T2,15,0.01,0.12,0.15,15,0,0.055991121239806
T2,15,0.01,0.12,0.15,13,0,0.026012444350039
T2,15,0.01,0.12,0.15,8,0,0.03784171763106
T2,15,0.01,0.12,0.15,12,0,0.043088930357546
T2,15,0.01,0.12,0.15,14,0,0.044983890317522
T2,15,0.01,0.12,0.15,14,0,0.04674023124595
T2,15,0.01,0.12,0.15,12,0,0.051243834312686
T2,15,0.01,0.12,0.15,14,0,0.036026757592967
T2,15,0.01,0.12,0.15,12,0,0.082300046552777
T2,15,0.01,0.12,0.15,11,0,0.191110711894806
T2,15,0.01,0.12,0.15,15,0,0.041442424432904
T2,15,0.01,0.12,0.15,14,0,0.075545485451731
T2,15,0.01,0.12,0.15,13,0,0.037007611290969
T2,15,0.01,0.12,0.15,14,0,0.055325127946554
T2,15,0.01,0.12,0.15,15,0,0.031839231108619
T2,15,0.01,0.12,0.15,11,0,0.042392005619852
T2,15,0.01,0.12,0.15,15,0,0.029336378180587
T2,15,0.01,0.12,0.15,13,0,0.025960168910658
T2,15,0.01,0.12,0.15,12,0,0.044582986967255
T2,15,0.01,0.12,0.15,15,0,0.037389319468433
T2,15,0.01,0.12,0.15,11,0,0.060819194276343
T2,15,0.01,0.12,0.15,15,0,0.037385717025426
T2,15,0.01,0.12,0.15,14,0,0.064780765460423
T2,15,0.01,0.12,0.15,14,0,0.043517858348271
T2,15,0.01,0.12,0.15,14,0,0.048276513635452
T2,15,0.01,0.12,0.15,15,0,0.049565024648453
T2,15,0.01,0.12,0.15,14,0,0.050478566255602
T2,15,0.01,0.12,0.15,15,0,0.028748850932784
T2,15,0.01,0.12,0.15,15,0,0.046921875766456
T2,15,0.01,0.12,0.15,14,0,0.116892819053677
T2,15,0.01,0.12,0.15,13,0,0.05213640439902
T2,15,0.01,0.12,0.15,14,0,0.033688908821281
T2,15,0.01,0.12,0.15,10,0,0.195223951396495
T2,15,0.01,0.12,0.15,14,0,0.036126476603662
T2,15,0.01,0.12,0.15,11,0,0.050288456367475
T2,15,0.01,0.12,0.15,15,0,0.046953299124091
T2,15,0.01,0.12,0.15,12,0,0.046412977398982
T2,15,0.01,0.12,0.15,14,0,0.044828811999696
T2,15,0.01,0.12,0.15,14,0,0.106798029816764
T2,15,0.01,0.12,0.15,10,0,0.254540261059079
T2,15,0.01,0.12,0.15,14,0,0.030584821035062
T2,15,0.01,0.12,0.15,8,0,0.129877305199202
T2,15,0.01,0.12,0.15,11,0,0.03522895505698
T2,15,0.01,0.12,0.15,15,0,0.063589708016586
T2,15,0.01,0.12,0.15,12,0,0.064413872037244
T2,15,0.01,0.12,0.15,15,0,0.07035431631296
T2,15,0.01,0.12,0.15,13,0,0.065449261150499
T2,15,0.01,0.12,0.15,11,0,0.087992826828042
T2,15,0.01,0.12,0.15,14,0,0.128440593488385
T2,15,0.01,0.12,0.15,14,0,0.083250247645734
T2,15,0.01,0.12,0.15,10,0,0.055157411789271
T2,15,0.01,0.12,0.15,8,0,0.103958638778064
T2,15,0.01,0.12,0.15,14,0,0.031921091844147
T2,15,0.01,0.12,0.15,14,0,0.036382914860193
T2,15,0.01,0.12,0.15,11,0,0.016079151751664
T2,15,0.01,0.12,0.15,13,0,0.046736948184809
T2,15,0.01,0.12,0.15,12,0,0.025875905388509
T2,15,0.01,0.12,0.15,15,0,0.032901311939096
T2,15,0.01,0.12,0.15,15,0,0.029187213433295
T2,15,0.01,0.12,0.15,10,0,0.048964725632427
T2,15,0.01,0.12,0.15,14,0,0.056298275100754
T2,15,0.01,0.12,0.15,14,0,0.042321597762371
T2,15,0.01,0.12,0.15,12,0,0.056101944960764
T2,15,0.01,0.12,0.15,11,0,0.057273707768661
T2,15,0.01,0.12,0.15,15,0,0.072858307292404
T2,15,0.01,0.12,0.15,11,0,0.056833089776851
T2,15,0.01,0.12,0.15,15,0,0.125862737481075
T2,15,0.01,0.12,0.15,15,0,0.04221495051759
T2,15,0.01,0.12,0.15,15,0,0.032324313153592
T2,15,0.01,0.12,0.15,15,0,0.050537035866075
T2,15,0.01,0.12,0.15,13,0,0.060879179732439
T2,15,0.01,0.12,0.15,14,0,0.049038778966461
T2,15,0.01,0.12,0.15,15,0,0.043262992454545
T2,15,0.01,0.12,0.15,15,0,0.085035634466633
T2,15,0.01,0.12,0.15,14,0,0.055822527309713
T2,15,0.01,0.12,0.15,15,0,0.054534630026531
T2,15,0.01,0.12,0.15,8,0,0.286699470021593
T2,15,0.01,0.12,0.15,14,0,0.042938439028047
T2,15,0.01,0.12,0.15,13,0,0.109282168276725
T2,15,0.01,0.12,0.15,14,0,0.106387311036357
T2,15,0.01,0.12,0.15,15,0,0.053598311096452
T2,15,0.01,0.12,0.15,15,0,0.156977388208512
T2,15,0.01,0.12,0.15,15,0,0.033381398753031
T2,15,0.01,0.12,0.15,12,0,0.061627426678043
T2,15,0.01,0.12,0.15,15,0,0.046122415610961
T2,15,0.01,0.12,0.15,13,0,0.048981041647591
T2,15,0.01,0.12,0.15,14,0,0.120328101904277
T2,15,0.01,0.12,0.15,14,0,0.058594059700174
T2,15,0.01,0.12,0.15,15,0,0.027405940791503
T2,15,0.01,0.12,0.15,14,0,0.021435644565441
T2,15,0.01,0.12,0.15,5,0,0.040533635922949
T2,8,0.01,0.12,0.15,8,0,0.293443164033119
T2,8,0.01,0.12,0.15,8,0,0.036586768097371
T2,8,0.01,0.12,0.15,5,0,0.356564692784181
T2,8,0.01,0.12,0.15,8,0,0.306156363988202
T2,8,0.01,0.12,0.15,5,0,0.350644322144302
T2,8,0.01,0.12,0.15,8,0,0.199859136311615
T2,8,0.01,0.12,0.15,6,0,0.031560204384676
T2,8,0.01,0.12,0.15,7,0,0.157585299647289
T2,8,0.01,0.12,0.15,5,0,0.366097664108599
T2,8,0.01,0.12,0.15,8,0,0.058255503438203
T2,8,0.01,0.12,0.15,5,0,0.371363018028937
T2,8,0.01,0.12,0.15,7,0,0.15427257429429
T2,8,0.01,0.12,0.15,8,0,0.317907390527709
T2,8,0.01,0.12,0.15,8,0,0.04184088907811
T2,8,0.01,0.12,0.15,4,0,0.431590139958018
T2,8,0.01,0.12,0.15,6,0,0.037262852687819
T2,8,0.01,0.12,0.15,8,0,0.140166742647116
T2,8,0.01,0.12,0.15,8,0,0.059928299313089
T2,8,0.01,0.12,0.15,4,0,0.25356485051208
T2,8,0.01,0.12,0.15,8,0,0.061175306995777
T2,8,0.01,0.12,0.15,8,0,0.115934223612147
T2,8,0.01,0.12,0.15,8,0,0.015549163560464
T2,8,0.01,0.12,0.15,5,0,0.31390179784469
T2,8,0.01,0.12,0.15,4,0,0.412007308660571
T2,8,0.01,0.12,0.15,8,0,0.03414655231294
T2,8,0.01,0.12,0.15,8,0,0.061315452232129
T2,8,0.01,0.12,0.15,4,0,0.369038377340189
T2,8,0.01,0.12,0.15,5,0,0.374184196929979
T2,8,0.01,0.12,0.15,5,0,0.362971682563312
T2,8,0.01,0.12,0.15,8,0,0.046291929471544
T2,8,0.01,0.12,0.15,5,0,0.255843151106663
T2,8,0.01,0.12,0.15,4,0,0.255479009450321
T2,8,0.01,0.12,0.15,8,0,0.154309692378489
T2,8,0.01,0.12,0.15,8,0,0.123510833393517
T2,8,0.01,0.12,0.15,8,0,0.298275653347331
T2,8,0.01,0.12,0.15,4,0,0.41103510078701
T2,8,0.01,0.12,0.15,8,0,0.065129336536219
T2,8,0.01,0.12,0.15,8,0,0.044322235377319
T2,8,0.01,0.12,0.15,5,0,0.352314160407628
T2,8,0.01,0.12,0.15,8,0,0.060944368309965
T2,8,0.01,0.12,0.15,7,0,0.123488216089877
T2,8,0.01,0.12,0.15,8,0,0.053930978280524
T2,8,0.01,0.12,0.15,8,0,0.238684004852746
T2,8,0.01,0.12,0.15,8,0,0.082419365025706
T2,8,0.01,0.12,0.15,8,0,0.088000088056925
T2,8,0.01,0.12,0.15,5,0,0.177750189728166
T2,8,0.01,0.12,0.15,8,0,0.223261313739928
T2,8,0.01,0.12,0.15,5,0,0.203078395636246
T2,8,0.01,0.12,0.15,8,0,0.129554674226065
T2,8,0.01,0.12,0.15,8,0,0.043176988906083
T2,8,0.01,0.12,0.15,5,0,0.32536082027695
T2,8,0.01,0.12,0.15,8,0,0.032453100051771
T2,8,0.01,0.12,0.15,4,0,0.190650930979863
T2,8,0.01,0.12,0.15,8,0,0.221825406442025
T2,8,0.01,0.12,0.15,5,0,0.160754717543687
T2,8,0.01,0.12,0.15,5,0,0.332439017914974
T2,8,0.01,0.12,0.15,6,0,0.053641552920458
T2,8,0.01,0.12,0.15,8,0,0.021365572391192
T2,8,0.01,0.12,0.15,5,0,0.29971209490534
T2,8,0.01,0.12,0.15,8,0,0.309044511719456
T2,8,0.01,0.12,0.15,8,0,0.148192566763975
T2,8,0.01,0.12,0.15,7,0,0.290177390913167
T2,8,0.01,0.12,0.15,8,0,0.326192682501119
T2,8,0.01,0.12,0.15,5,0,0.354039060051615
T2,8,0.01,0.12,0.15,4,0,0.326277247589959
T2,8,0.01,0.12,0.15,5,0,0.330496791764763
T2,8,0.01,0.12,0.15,5,0,0.342439589816737
T2,8,0.01,0.12,0.15,8,0,0.052101798635069
T2,8,0.01,0.12,0.15,8,0,0.08247602083714
T2,8,0.01,0.12,0.15,4,0,0.372865932729955
T2,8,0.01,0.12,0.15,6,0,0.322282159457859
T2,8,0.01,0.12,0.15,4,0,0.426326057689966
T2,8,0.01,0.12,0.15,8,0,0.032454992844358
T2,8,0.01,0.12,0.15,5,0,0.361164326980473
T2,8,0.01,0.12,0.15,8,0,0.01697440453855
T2,8,0.01,0.12,0.15,7,0,0.201972898683471
T2,8,0.01,0.12,0.15,8,0,0.223059095780742
T2,8,0.01,0.12,0.15,4,0,0.330092544458
T2,8,0.01,0.12,0.15,4,0,0.357579309374335
T2,8,0.01,0.12,0.15,8,0,0.037801362388141
T2,8,0.01,0.12,0.15,5,0,0.339674992590408
T2,8,0.01,0.12,0.15,5,0,0.346287685905416
T2,8,0.01,0.12,0.15,5,0,0.348849975540584
T2,8,0.01,0.12,0.15,8,0,0.050115852790081
T2,8,0.01,0.12,0.15,8,0,0.154594326979998
T2,8,0.01,0.12,0.15,4,0,0.222690905955205
T2,8,0.01,0.12,0.15,7,0,0.073122575497168
T2,8,0.01,0.12,0.15,8,0,0.265432404738807
T2,8,0.01,0.12,0.15,8,0,0.097721272077011
T2,8,0.01,0.12,0.15,5,0,0.274242206016829
T2,8,0.01,0.12,0.15,8,0,0.273435948611363
T2,8,0.01,0.12,0.15,8,0,0.044342185886943
T2,8,0.01,0.12,0.15,5,0,0.363774268715908
T2,8,0.01,0.12,0.15,8,0,0.221494140743695
T2,8,0.01,0.12,0.15,8,0,0.170112436478653
T2,8,0.01,0.12,0.15,5,0,0.369667986983443
T2,8,0.01,0.12,0.15,8,0,0.276732342659383
T2,8,0.01,0.12,0.15,8,0,0.146462975512645
T2,8,0.01,0.12,0.15,8,0,0.021694364861289
T2,8,0.01,0.12,0.15,8,0,0.125859607432885
T3,12,0.01,0.12,0.15,12,0,0.23150201983064
T3,12,0.01,0.12,0.15,12,0,0.027774872941489
T3,12,0.01,0.12,0.15,12,0,0.026580882288726
T3,12,0.01,0.12,0.15,12,0,0.021499152876525
T3,12,0.01,0.12,0.15,11,0,0.068259019353147
T3,12,0.01,0.12,0.15,12,0,0.064265632254257
T3,12,0.01,0.12,0.15,12,0,0.042188023417613
T3,12,0.01,0.12,0.15,12,0,0.212784314497369
T3,12,0.01,0.12,0.15,12,0,0.041837104236991
T3,12,0.01,0.12,0.15,12,0,0.054098921523467
T3,12,0.01,0.12,0.15,12,0,0.040275416564133
T3,12,0.01,0.12,0.15,12,0,0.19424352468681
T3,12,0.01,0.12,0.15,12,0,0.180569605128917
T3,12,0.01,0.12,0.15,8,0,0.32903147224416
T3,12,0.01,0.12,0.15,12,0,0.285414474467418
T3,12,0.01,0.12,0.15,12,0,0.047902399744072
T3,12,0.01,0.12,0.15,12,0,0.018334220382339
T3,12,0.01,0.12,0.15,12,0,0.152194791822203
T3,12,0.01,0.12,0.15,12,0,0.169132185962236
T3,12,0.01,0.12,0.15,6,0,0.326388999057141
T3,12,0.01,0.12,0.15,12,0,0.139888262749781
T3,12,0.01,0.12,0.15,11,0,0.151553253576454
T3,12,0.01,0.12,0.15,11,0,0.126327228902486
T3,12,0.01,0.12,0.15,12,0,0.232733276012183
T3,12,0.01,0.12,0.15,12,0,0.039128386628893
T3,12,0.01,0.12,0.15,12,0,0.285316068552687
T3,12,0.01,0.12,0.15,12,0,0.085943771720389
T3,12,0.01,0.12,0.15,12,0,0.042832947040197
T3,12,0.01,0.12,0.15,12,0,0.039954831943648
T3,12,0.01,0.12,0.15,12,0,0.039651769103033
T3,12,0.01,0.12,0.15,12,0,0.088851787774573
T3,12,0.01,0.12,0.15,12,0,0.131071374918118
T3,12,0.01,0.12,0.15,12,0,0.059582225635894
T3,12,0.01,0.12,0.15,12,0,0.039834000077143
T3,12,0.01,0.12,0.15,12,0,0.230566851500321
T3,12,0.01,0.12,0.15,12,0,0.047365891828883
T3,12,0.01,0.12,0.15,12,0,0.051896151289735
T3,12,0.01,0.12,0.15,12,0,0.077165094136901
T3,12,0.01,0.12,0.15,12,0,0.054073253155694
T3,12,0.01,0.12,0.15,12,0,0.041060140766411
T3,12,0.01,0.12,0.15,12,0,0.063814245522481
T3,12,0.01,0.12,0.15,12,0,0.306233945031671
T3,12,0.01,0.12,0.15,12,0,0.102788569006436
T3,12,0.01,0.12,0.15,7,0,0.200380347746117
T3,12,0.01,0.12,0.15,12,0,0.04751692474309
T3,12,0.01,0.12,0.15,8,0,0.291722163581095
T3,12,0.01,0.12,0.15,12,0,0.011145078199922
T3,12,0.01,0.12,0.15,12,0,0.065983242877445
T3,12,0.01,0.12,0.15,12,0,0.170704355565562
T3,12,0.01,0.12,0.15,7,0,0.270703234751469
T3,12,0.01,0.12,0.15,7,0,0.31420410732994
T3,12,0.01,0.12,0.15,12,0,0.061115170163713
T3,12,0.01,0.12,0.15,12,0,0.044216436411424
T3,12,0.01,0.12,0.15,12,0,0.047509476452189
T3,12,0.01,0.12,0.15,12,0,0.063983574286333
T3,12,0.01,0.12,0.15,12,0,0.060231346160163
T3,12,0.01,0.12,0.15,6,0,0.299716619978691
T3,12,0.01,0.12,0.15,12,0,0.072403566481385
T3,12,0.01,0.12,0.15,12,0,0.13130803115726
T3,12,0.01,0.12,0.15,12,0,0.020377709695355
T3,12,0.01,0.12,0.15,12,0,0.082512956072056
T3,12,0.01,0.12,0.15,12,0,0.228252104213202
T3,12,0.01,0.12,0.15,12,0,0.158696372039507
T3,12,0.01,0.12,0.15,12,0,0.275698401291731
T3,12,0.01,0.12,0.15,12,0,0.04576481896341
T3,12,0.01,0.12,0.15,12,0,0.289096301803948
T3,12,0.01,0.12,0.15,12,0,0.198351174233526
T3,12,0.01,0.12,0.15,12,0,0.069988179768767
T3,12,0.01,0.12,0.15,6,0,0.30577039168157
T3,12,0.01,0.12,0.15,12,0,0.042388350244993
T3,12,0.01,0.12,0.15,12,0,0.102952244614309
T3,12,0.01,0.12,0.15,12,0,0.069595877850959
T3,12,0.01,0.12,0.15,11,0,0.09758482588506
T3,12,0.01,0.12,0.15,12,0,0.2769086641493
T3,12,0.01,0.12,0.15,12,0,0.156829523013569
T3,12,0.01,0.12,0.15,12,0,0.036476399005353
T3,12,0.01,0.12,0.15,12,0,0.140811890785993
T3,12,0.01,0.12,0.15,12,0,0.085845521572427
T3,12,0.01,0.12,0.15,12,0,0.044861973817841
T3,12,0.01,0.12,0.15,12,0,0.055923457757604
T3,12,0.01,0.12,0.15,12,0,0.067547742752036
T3,12,0.01,0.12,0.15,12,0,0.050616653855113
T3,12,0.01,0.12,0.15,12,0,0.040885834458821
T3,12,0.01,0.12,0.15,12,0,0.036968881074936
T3,12,0.01,0.12,0.15,12,0,0.155272688020325
T3,12,0.01,0.12,0.15,12,0,0.015848897511509
T3,12,0.01,0.12,0.15,12,0,0.0727995736004
T3,12,0.01,0.12,0.15,12,0,0.018661140654124
T3,12,0.01,0.12,0.15,12,0,0.020502517855782
T3,12,0.01,0.12,0.15,8,0,0.293939595815276
T3,12,0.01,0.12,0.15,12,0,0.072287407938377
T3,12,0.01,0.12,0.15,12,0,0.070657870485258
T3,12,0.01,0.12,0.15,12,0,0.249651752426139
T3,12,0.01,0.12,0.15,12,0,0.050216043654779
T3,12,0.01,0.12,0.15,12,0,0.052375616545972
T3,12,0.01,0.12,0.15,12,0,0.020320051475907
T3,12,0.01,0.12,0.15,12,0,0.054174472397773
T3,12,0.01,0.12,0.15,7,0,0.323630840750522
T3,12,0.01,0.12,0.15,12,0,0.043026380074867
T3,12,0.01,0.12,0.15,12,0,0.0776785051361
T3,15,0.01,0.12,0.15,15,0,0.031636335450874
T3,15,0.01,0.12,0.15,15,0,0.031330459815911
T3,15,0.01,0.12,0.15,15,0,0.049993683897518
T3,15,0.01,0.12,0.15,11,0,0.251882948377217
T3,15,0.01,0.12,0.15,15,0,0.053183163292761
T3,15,0.01,0.12,0.15,15,0,0.040715696030957
T3,15,0.01,0.12,0.15,15,0,0.065676962410716
T3,15,0.01,0.12,0.15,15,0,0.04678142507209
T3,15,0.01,0.12,0.15,15,0,0.030477153572648
T3,15,0.01,0.12,0.15,15,0,0.037386314637771
T3,15,0.01,0.12,0.15,15,0,0.067834120155933
T3,15,0.01,0.12,0.15,15,0,0.052898433785068
T3,15,0.01,0.12,0.15,15,0,0.100368212926908
T3,15,0.01,0.12,0.15,15,0,0.078730063452547
T3,15,0.01,0.12,0.15,15,0,0.041039018895868
T3,15,0.01,0.12,0.15,15,0,0.021055864806809
T3,15,0.01,0.12,0.15,15,0,0.053479201973923
T3,15,0.01,0.12,0.15,14,0,0.039499332874452
T3,15,0.01,0.12,0.15,15,0,0.065899392107151
T3,15,0.01,0.12,0.15,15,0,0.027832053529241
T3,15,0.01,0.12,0.15,15,0,0.197142506292226
T3,15,0.01,0.12,0.15,15,0,0.055228391591031
T3,15,0.01,0.12,0.15,15,0,0.054461202455914
T3,15,0.01,0.12,0.15,15,0,0.064757090628736
T3,15,0.01,0.12,0.15,15,0,0.053390865275599
T3,15,0.01,0.12,0.15,15,0,0.037108040559788
T3,15,0.01,0.12,0.15,15,0,0.067583929221168
T3,15,0.01,0.12,0.15,15,0,0.025497125164677
T3,15,0.01,0.12,0.15,15,0,0.037439475811846
T3,15,0.01,0.12,0.15,15,0,0.036707503517235
T3,15,0.01,0.12,0.15,15,0,0.024834111078388
T3,15,0.01,0.12,0.15,15,0,0.050933400683625
T3,15,0.01,0.12,0.15,15,0,0.041657172558172
T3,15,0.01,0.12,0.15,15,0,0.019589180566729
T3,15,0.01,0.12,0.15,15,0,0.049272964637697
T3,15,0.01,0.12,0.15,15,0,0.057086788912063
T3,15,0.01,0.12,0.15,15,0,0.049584163688753
T3,15,0.01,0.12,0.15,15,0,0.061925090627005
T3,15,0.01,0.12,0.15,15,0,0.027660512954576
T3,15,0.01,0.12,0.15,15,0,0.053778000374039
T3,15,0.01,0.12,0.15,15,0,0.049976931659676
T3,15,0.01,0.12,0.15,15,0,0.02057746217365
T3,15,0.01,0.12,0.15,15,0,0.059238292619481
T3,15,0.01,0.12,0.15,15,0,0.039489950634914
T3,15,0.01,0.12,0.15,15,0,0.065028260864747
T3,15,0.01,0.12,0.15,15,0,0.184050608536746
T3,15,0.01,0.12,0.15,15,0,0.053342667484118
T3,15,0.01,0.12,0.15,15,0,0.065209994082142
T3,15,0.01,0.12,0.15,15,0,0.054022483144013
T3,15,0.01,0.12,0.15,15,0,0.156102575898975
T3,15,0.01,0.12,0.15,15,0,0.056499931999985
T3,15,0.01,0.12,0.15,15,0,0.032195976928243
T3,15,0.01,0.12,0.15,15,0,0.027648069795364
T3,15,0.01,0.12,0.15,15,0,0.03158689598357
T3,15,0.01,0.12,0.15,15,0,0.024726281116407
T3,15,0.01,0.12,0.15,15,0,0.040590802630777
T3,15,0.01,0.12,0.15,15,0,0.038757852584204
T3,15,0.01,0.12,0.15,14,0,0.089857789391018
T3,15,0.01,0.12,0.15,15,0,0.029553319673463
T3,15,0.01,0.12,0.15,8,0,0.262777171588497
T3,15,0.01,0.12,0.15,15,0,0.031182183255892
T3,15,0.01,0.12,0.15,15,0,0.046680726814291
T3,15,0.01,0.12,0.15,15,0,0.042948863835886
T3,15,0.01,0.12,0.15,14,0,0.07048851712924
T3,15,0.01,0.12,0.15,15,0,0.047067469814102
T3,15,0.01,0.12,0.15,15,0,0.053761175413654
T3,15,0.01,0.12,0.15,15,0,0.057885612261855
T3,15,0.01,0.12,0.15,15,0,0.049289753173017
T3,15,0.01,0.12,0.15,15,0,0.061508916638465
T3,15,0.01,0.12,0.15,15,0,0.048790032613895
T3,15,0.01,0.12,0.15,15,0,0.057302574180766
T3,15,0.01,0.12,0.15,15,0,0.058840854275959
T3,15,0.01,0.12,0.15,15,0,0.035100811968888
T3,15,0.01,0.12,0.15,15,0,0.093503500661777
T3,15,0.01,0.12,0.15,14,0,0.05150157642781
T3,15,0.01,0.12,0.15,15,0,0.044780612158058
T3,15,0.01,0.12,0.15,15,0,0.042787961311145
T3,15,0.01,0.12,0.15,15,0,0.039957940977492
T3,15,0.01,0.12,0.15,15,0,0.033461964008061
T3,15,0.01,0.12,0.15,15,0,0.058831054298178
T3,15,0.01,0.12,0.15,15,0,0.071432350010878
T3,15,0.01,0.12,0.15,14,0,0.025583732999315
T3,15,0.01,0.12,0.15,15,0,0.063161573784193
T3,15,0.01,0.12,0.15,15,0,0.022548869550457
T3,15,0.01,0.12,0.15,8,0,0.285987971088875
T3,15,0.01,0.12,0.15,15,0,0.037175205415226
T3,15,0.01,0.12,0.15,15,0,0.035998774728027
T3,15,0.01,0.12,0.15,15,0,0.020822105971257
T3,15,0.01,0.12,0.15,15,0,0.034601210801015
T3,15,0.01,0.12,0.15,15,0,0.024027911645389
T3,15,0.01,0.12,0.15,15,0,0.044768324332544
T3,15,0.01,0.12,0.15,15,0,0.039095638278534
T3,15,0.01,0.12,0.15,15,0,0.04679986832637
T3,15,0.01,0.12,0.15,15,0,0.077858686879203
T3,15,0.01,0.12,0.15,15,0,0.057078817496897
T3,15,0.01,0.12,0.15,15,0,0.048386861184045
T3,15,0.01,0.12,0.15,15,0,0.030023134620268
T3,15,0.01,0.12,0.15,15,0,0.052481280314161
T3,15,0.01,0.12,0.15,15,0,0.08050159325478
T3,15,0.01,0.12,0.15,15,0,0.056278264658613
T3,8,0.01,0.12,0.15,4,0,0.39117927987569
T3,8,0.01,0.12,0.15,8,0,0.024532353473997
T3,8,0.01,0.12,0.15,8,0,0.211849097991726
T3,8,0.01,0.12,0.15,8,0,0.359067342396513
T3,8,0.01,0.12,0.15,8,0,0.351892953937647
T3,8,0.01,0.12,0.15,8,0,0.030846779750137
T3,8,0.01,0.12,0.15,8,0,0.037776099203033
T3,8,0.01,0.12,0.15,8,0,0.096860062817575
T3,8,0.01,0.12,0.15,8,0,0.044102733422702
T3,8,0.01,0.12,0.15,8,0,0.297644136065353
T3,8,0.01,0.12,0.15,4,0,0.396521039322382
T3,8,0.01,0.12,0.15,8,0,0.066881998620791
T3,8,0.01,0.12,0.15,4,0,0.42090684574863
T3,8,0.01,0.12,0.15,8,0,0.058625580924717
T3,8,0.01,0.12,0.15,8,0,0.038353269643111
T3,8,0.01,0.12,0.15,8,0,0.332818239207405
T3,8,0.01,0.12,0.15,8,0,0.00948437854509501
T3,8,0.01,0.12,0.15,8,0,0.110857335881621
T3,8,0.01,0.12,0.15,8,0,0.337548302173655
T3,8,0.01,0.12,0.15,8,0,0.298093730405736
T3,8,0.01,0.12,0.15,8,0,0.335095530686613
T3,8,0.01,0.12,0.15,8,0,0.360766617609435
T3,8,0.01,0.12,0.15,8,0,0.047563689063973
T3,8,0.01,0.12,0.15,4,0,0.393327942612022
T3,8,0.01,0.12,0.15,4,0,0.357285992445191
T3,8,0.01,0.12,0.15,8,0,0.261108837363073
T3,8,0.01,0.12,0.15,8,0,0.102020659019686
T3,8,0.01,0.12,0.15,8,0,0.060144066247594
T3,8,0.01,0.12,0.15,8,0,0.054572200010179
T3,8,0.01,0.12,0.15,8,0,0.146205875729163
T3,8,0.01,0.12,0.15,8,0,0.038315604354227
T3,8,0.01,0.12,0.15,8,0,0.367890473412296
T3,8,0.01,0.12,0.15,8,0,0.121581121705514
T3,8,0.01,0.12,0.15,8,0,0.342565765110458
T3,8,0.01,0.12,0.15,8,0,0.043280151774757
T3,8,0.01,0.12,0.15,8,0,0.04035458653825
T3,8,0.01,0.12,0.15,8,0,0.084935013778418
T3,8,0.01,0.12,0.15,8,0,0.130311873594231
T3,8,0.01,0.12,0.15,8,0,0.095106397237017
T3,8,0.01,0.12,0.15,8,0,0.036781367500604
T3,8,0.01,0.12,0.15,8,0,0.040248233734547
T3,8,0.01,0.12,0.15,8,0,0.373761894837588
T3,8,0.01,0.12,0.15,8,0,0.150212504012612
T3,8,0.01,0.12,0.15,8,0,0.067699791152395
T3,8,0.01,0.12,0.15,8,0,0.28158344619657
T3,8,0.01,0.12,0.15,8,0,0.143714774314471
T3,8,0.01,0.12,0.15,8,0,0.062166246710332
T3,8,0.01,0.12,0.15,8,0,0.355999706912833
T3,8,0.01,0.12,0.15,8,0,0.24836731638416
T3,8,0.01,0.12,0.15,8,0,0.092162660153993
T3,8,0.01,0.12,0.15,8,0,0.035918792744804
T3,8,0.01,0.12,0.15,8,0,0.29362687092652
T3,8,0.01,0.12,0.15,8,0,0.1980876354986
T3,8,0.01,0.12,0.15,8,0,0.308245863322415
T3,8,0.01,0.12,0.15,4,0,0.283162195926204
T3,8,0.01,0.12,0.15,4,0,0.324558028014245
T3,8,0.01,0.12,0.15,4,0,0.374613409247242
T3,8,0.01,0.12,0.15,8,0,0.194195731901173
T3,8,0.01,0.12,0.15,8,0,0.066102927639683
T3,8,0.01,0.12,0.15,8,0,0.203640811389421
T3,8,0.01,0.12,0.15,8,0,0.179369850512404
T3,8,0.01,0.12,0.15,4,0,0.33022618753492
T3,8,0.01,0.12,0.15,4,0,0.342084499587477
T3,8,0.01,0.12,0.15,8,0,0.217906199444791
T3,8,0.01,0.12,0.15,4,0,0.384276382363292
T3,8,0.01,0.12,0.15,8,0,0.394314706272504
T3,8,0.01,0.12,0.15,8,0,0.357995964339489
T3,8,0.01,0.12,0.15,8,0,0.071320623622091
T3,8,0.01,0.12,0.15,4,0,0.39039103963654
T3,8,0.01,0.12,0.15,4,0,0.376880377439998
T3,8,0.01,0.12,0.15,8,0,0.079932966316275
T3,8,0.01,0.12,0.15,8,0,0.253473623332842
T3,8,0.01,0.12,0.15,8,0,0.125423209541699
T3,8,0.01,0.12,0.15,4,0,0.324234901118106
T3,8,0.01,0.12,0.15,4,0,0.370570216352194
T3,8,0.01,0.12,0.15,8,0,0.34735825932443
T3,8,0.01,0.12,0.15,8,0,0.087100912320508
T3,8,0.01,0.12,0.15,8,0,0.070900286096997
T3,8,0.01,0.12,0.15,4,0,0.380858359976705
T3,8,0.01,0.12,0.15,8,0,0.290569889443675
T3,8,0.01,0.12,0.15,8,0,0.282377133371224
T3,8,0.01,0.12,0.15,8,0,0.070590557034724
T3,8,0.01,0.12,0.15,8,0,0.30547462754442
T3,8,0.01,0.12,0.15,8,0,0.186036444343198
T3,8,0.01,0.12,0.15,8,0,0.339193146324855
T3,8,0.01,0.12,0.15,8,0,0.364186800921893
T3,8,0.01,0.12,0.15,4,0,0.352717290448653
T3,8,0.01,0.12,0.15,4,0,0.413369664018773
T3,8,0.01,0.12,0.15,8,0,0.129791988665187
T3,8,0.01,0.12,0.15,8,0,0.134748723868775
T3,8,0.01,0.12,0.15,8,0,0.138378526986317
T3,8,0.01,0.12,0.15,8,0,0.307491088706663
T3,8,0.01,0.12,0.15,8,0,0.305675371952423
T3,8,0.01,0.12,0.15,8,0,0.341271881356965
T3,8,0.01,0.12,0.15,8,0,0.309160408817867
T3,8,0.01,0.12,0.15,4,0,0.404812818130538
T3,8,0.01,0.12,0.15,8,0,0.064599521068742
T3,8,0.01,0.12,0.15,8,0,0.08861615071055
T3,8,0.01,0.12,0.15,4,0,0.340270807133913
T3,8,0.01,0.12,0.15,8,0,0.311331467406282
V,12,0.01,0.12,0.15,3,0.333333333333333,0.150576634222254
V,12,0.01,0.12,0.15,5,0.166666666666667,0.124904442520462
V,12,0.01,0.12,0.15,3,0.333333333333333,0.149001210856614
V,12,0.01,0.12,0.15,3,0.25,0.081643835091424
V,12,0.01,0.12,0.15,4,0.166666666666667,0.04865116829408
V,12,0.01,0.12,0.15,4,0.166666666666667,0.06327597082037
V,12,0.01,0.12,0.15,4,0.25,0.073964825077223
V,12,0.01,0.12,0.15,3,0.25,0.058928299224565
V,12,0.01,0.12,0.15,5,0.416666666666667,0.04868980806317
V,12,0.01,0.12,0.15,3,0.166666666666667,0.088036609941307
V,12,0.01,0.12,0.15,3,0.25,0.141870675300616
V,12,0.01,0.12,0.15,4,0.0833333333333333,0.084101276814609
V,12,0.01,0.12,0.15,4,0.25,0.092327294222606
V,12,0.01,0.12,0.15,4,0.0833333333333333,0.043334228248401
V,12,0.01,0.12,0.15,4,0.25,0.14721090055089
V,12,0.01,0.12,0.15,5,0.0833333333333333,0.05325115590354
V,12,0.01,0.12,0.15,4,0,0.025972875436115
V,12,0.01,0.12,0.15,4,0.25,0.109430384491273
V,12,0.01,0.12,0.15,5,0.0833333333333333,0.082700968750991
V,12,0.01,0.12,0.15,3,0.333333333333333,0.268647902940437
V,12,0.01,0.12,0.15,4,0.333333333333333,0.1386110408541
V,12,0.01,0.12,0.15,3,0.333333333333333,0.284060362496
V,12,0.01,0.12,0.15,2,0.25,0.25916804946103
V,12,0.01,0.12,0.15,3,0.25,0.20540568480757
V,12,0.01,0.12,0.15,3,0.5,0.249273535268745
V,12,0.01,0.12,0.15,5,0.166666666666667,0.056173925118848
V,12,0.01,0.12,0.15,3,0.416666666666667,0.091509733543743
V,12,0.01,0.12,0.15,4,0.25,0.161572886000806
V,12,0.01,0.12,0.15,6,0.333333333333333,0.137844095408534
V,12,0.01,0.12,0.15,5,0.0833333333333333,0.051296961658949
V,12,0.01,0.12,0.15,3,0.416666666666667,0.186635428531381
V,12,0.01,0.12,0.15,6,0,0.032011876341683
V,12,0.01,0.12,0.15,3,0.166666666666667,0.057055924827427
V,12,0.01,0.12,0.15,3,0.416666666666667,0.088513616007251
V,12,0.01,0.12,0.15,3,0.166666666666667,0.129986804678513
V,12,0.01,0.12,0.15,3,0.416666666666667,0.276922908589108
V,12,0.01,0.12,0.15,4,0.166666666666667,0.046260452718735
V,12,0.01,0.12,0.15,3,0.333333333333333,0.06444058715823
V,12,0.01,0.12,0.15,3,0.5,0.334297849022453
V,12,0.01,0.12,0.15,4,0.333333333333333,0.053666984480705
V,12,0.01,0.12,0.15,3,0.25,0.027440422507451
V,12,0.01,0.12,0.15,3,0.416666666666667,0.193225847706505
V,12,0.01,0.12,0.15,3,0.583333333333333,0.104019499140281
V,12,0.01,0.12,0.15,6,0.0833333333333333,0.012699359835627
V,12,0.01,0.12,0.15,5,0.0833333333333333,0.03889597820284
V,12,0.01,0.12,0.15,4,0.0833333333333333,0.05289628504841
V,12,0.01,0.12,0.15,4,0.0833333333333333,0.139701586588925
V,12,0.01,0.12,0.15,4,0.0833333333333333,0.083543344079654
V,12,0.01,0.12,0.15,4,0.416666666666667,0.279654235992864
V,12,0.01,0.12,0.15,3,0.166666666666667,0.215256063543098
V,12,0.01,0.12,0.15,5,0.333333333333333,0.177240822438309
V,12,0.01,0.12,0.15,3,0,0.046928242503318
V,12,0.01,0.12,0.15,4,0.0833333333333333,0.085945699718118
V,12,0.01,0.12,0.15,4,0.333333333333333,0.202648771980015
V,12,0.01,0.12,0.15,2,0.416666666666667,0.201412781307867
V,12,0.01,0.12,0.15,3,0.25,0.161815261951833
V,12,0.01,0.12,0.15,4,0.25,0.059765690047731
V,12,0.01,0.12,0.15,5,0.166666666666667,0.077115681795067
V,12,0.01,0.12,0.15,4,0.0833333333333333,0.055187241825447
V,12,0.01,0.12,0.15,4,0.25,0.034230136041912
V,12,0.01,0.12,0.15,4,0.25,0.123388105489643
V,12,0.01,0.12,0.15,5,0.166666666666667,0.04181699274905
V,12,0.01,0.12,0.15,5,0.0833333333333333,0.038088622191965
V,12,0.01,0.12,0.15,4,0.166666666666667,0.131721011444396
V,12,0.01,0.12,0.15,5,0.25,0.0265728428663
V,12,0.01,0.12,0.15,5,0.0833333333333333,0.07015108874275
V,12,0.01,0.12,0.15,4,0.333333333333333,0.105990208071372
V,12,0.01,0.12,0.15,5,0.166666666666667,0.063866057865937
V,12,0.01,0.12,0.15,4,0.333333333333333,0.074879080205231
V,12,0.01,0.12,0.15,5,0.166666666666667,0.041995332142777
V,15,0.01,0.12,0.15,6,0.133333333333333,0.121494316574919
V,15,0.01,0.12,0.15,6,0,0.030073953832923
V,15,0.01,0.12,0.15,4,0.2,0.16382752859581
V,15,0.01,0.12,0.15,5,0.133333333333333,0.127196393921894
V,15,0.01,0.12,0.15,4,0.133333333333333,0.035917495454834
V,15,0.01,0.12,0.15,6,0.133333333333333,0.057702615684875
V,15,0.01,0.12,0.15,4,0.333333333333333,0.098989312127113
V,15,0.01,0.12,0.15,5,0.133333333333333,0.116465812553966
V,15,0.01,0.12,0.15,6,0.0666666666666667,0.081008668381706
V,15,0.01,0.12,0.15,3,0.266666666666667,0.082900009339417
V,15,0.01,0.12,0.15,4,0.133333333333333,0.066244360000302
V,15,0.01,0.12,0.15,5,0,0.065510093479286
V,15,0.01,0.12,0.15,4,0.266666666666667,0.0323279174369
V,15,0.01,0.12,0.15,4,0.2,0.081454533019004
V,15,0.01,0.12,0.15,5,0,0.040630107065723
V,15,0.01,0.12,0.15,5,0.133333333333333,0.072524573594846
V,15,0.01,0.12,0.15,5,0.0666666666666667,0.08514652151555
V,15,0.01,0.12,0.15,5,0.333333333333333,0.050872524205513
V,15,0.01,0.12,0.15,5,0.333333333333333,0.07455178362305
V,15,0.01,0.12,0.15,5,0.2,0.05562901533297
V,15,0.01,0.12,0.15,4,0.2,0.061880277575369
V,15,0.01,0.12,0.15,4,0.2,0.084620123087314
V,15,0.01,0.12,0.15,3,0.133333333333333,0.180299917435834
V,15,0.01,0.12,0.15,4,0.0666666666666667,0.048484258459658
V,15,0.01,0.12,0.15,6,0.266666666666667,0.11198251744092
V,15,0.01,0.12,0.15,4,0,0.045312606703048
V,15,0.01,0.12,0.15,5,0.0666666666666667,0.053840613811614
V,15,0.01,0.12,0.15,3,0.2,0.120651986730099
V,15,0.01,0.12,0.15,5,0.266666666666667,0.083497585794415
V,15,0.01,0.12,0.15,5,0.0666666666666667,0.034922129841408
V,15,0.01,0.12,0.15,4,0.133333333333333,0.112521459246882
V,15,0.01,0.12,0.15,6,0.266666666666667,0.041529881196857
V,15,0.01,0.12,0.15,5,0.2,0.042439848004427
V,15,0.01,0.12,0.15,4,0.266666666666667,0.144453720126709
V,15,0.01,0.12,0.15,5,0.133333333333333,0.066767727463436
V,15,0.01,0.12,0.15,4,0.333333333333333,0.142932384258077
V,15,0.01,0.12,0.15,4,0.2,0.092389264398349
V,15,0.01,0.12,0.15,6,0.2,0.049647651699387
V,15,0.01,0.12,0.15,5,0.266666666666667,0.043242708959431
V,15,0.01,0.12,0.15,4,0.0666666666666667,0.04107659394549
V,15,0.01,0.12,0.15,5,0.0666666666666667,0.052657152295
V,15,0.01,0.12,0.15,4,0.133333333333333,0.094674749117039
V,15,0.01,0.12,0.15,5,0.133333333333333,0.100703389055738
V,15,0.01,0.12,0.15,4,0.0666666666666667,0.028335224592715
V,15,0.01,0.12,0.15,3,0.133333333333333,0.04550111822698
V,15,0.01,0.12,0.15,4,0.266666666666667,0.150962641898385
V,15,0.01,0.12,0.15,5,0.333333333333333,0.103673060962828
V,15,0.01,0.12,0.15,4,0.266666666666667,0.11583693760919
V,15,0.01,0.12,0.15,3,0.4,0.176660428338838
V,15,0.01,0.12,0.15,4,0.0666666666666667,0.051410074782774
V,15,0.01,0.12,0.15,4,0.2,0.069707701982335
V,15,0.01,0.12,0.15,5,0.133333333333333,0.06905552322533
V,15,0.01,0.12,0.15,4,0.2,0.098051577872152
V,15,0.01,0.12,0.15,5,0.0666666666666667,0.034921026211834
V,15,0.01,0.12,0.15,5,0.133333333333333,0.069148751270748
V,15,0.01,0.12,0.15,4,0.0666666666666667,0.041991581058142
V,15,0.01,0.12,0.15,6,0,0.076279703154088
V,15,0.01,0.12,0.15,6,0.333333333333333,0.050666994899272
V,15,0.01,0.12,0.15,4,0.266666666666667,0.095820793138157
V,15,0.01,0.12,0.15,4,0.133333333333333,0.219374092177631
V,15,0.01,0.12,0.15,4,0.133333333333333,0.090156751993788
V,15,0.01,0.12,0.15,5,0.133333333333333,0.114297542017455
V,15,0.01,0.12,0.15,4,0.0666666666666667,0.043870827186131
V,15,0.01,0.12,0.15,3,0.4,0.10321012033841
V,15,0.01,0.12,0.15,5,0.266666666666667,0.087267421345134
V,15,0.01,0.12,0.15,4,0.266666666666667,0.051751748010246
V,15,0.01,0.12,0.15,5,0.0666666666666667,0.069507202205024
V,15,0.01,0.12,0.15,5,0.133333333333333,0.078725717084382
V,15,0.01,0.12,0.15,6,0.266666666666667,0.048587271677202
V,15,0.01,0.12,0.15,6,0.0666666666666667,0.05058871035863
V,15,0.01,0.12,0.15,4,0.2,0.146169377326011
V,15,0.01,0.12,0.15,6,0.0666666666666667,0.052860230771571
V,15,0.01,0.12,0.15,4,0.2,0.10575285971998
V,15,0.01,0.12,0.15,4,0.333333333333333,0.18462619301374
V,15,0.01,0.12,0.15,4,0.133333333333333,0.06455988952943
V,15,0.01,0.12,0.15,5,0.266666666666667,0.188208706273843
V,15,0.01,0.12,0.15,6,0.133333333333333,0.032479652300635
V,15,0.01,0.12,0.15,4,0.133333333333333,0.065431088038337
V,15,0.01,0.12,0.15,3,0.0666666666666667,0.07970078053997
V,15,0.01,0.12,0.15,5,0.0666666666666667,0.119911544216569
V,15,0.01,0.12,0.15,5,0,0.056596480077078
V,15,0.01,0.12,0.15,7,0.133333333333333,0.022307970226259
V,15,0.01,0.12,0.15,4,0.133333333333333,0.076722541144514
V,15,0.01,0.12,0.15,3,0.266666666666667,0.198569267588967
V,15,0.01,0.12,0.15,4,0.266666666666667,0.12368773798729
V,15,0.01,0.12,0.15,6,0.0666666666666667,0.121307416442281
V,15,0.01,0.12,0.15,4,0.0666666666666667,0.053781233406339
V,15,0.01,0.12,0.15,5,0.2,0.094899844818266
V,15,0.01,0.12,0.15,5,0.266666666666667,0.046180971799892
V,15,0.01,0.12,0.15,3,0.266666666666667,0.094233603095565
V,15,0.01,0.12,0.15,5,0.466666666666667,0.152446443548837
V,15,0.01,0.12,0.15,4,0.333333333333333,0.153250621375816
V,15,0.01,0.12,0.15,3,0.133333333333333,0.288514704072108
V,15,0.01,0.12,0.15,3,0.133333333333333,0.129022879844075
V,15,0.01,0.12,0.15,5,0.133333333333333,0.122157406867983
V,15,0.01,0.12,0.15,4,0.0666666666666667,0.042273130118523
V,15,0.01,0.12,0.15,5,0,0.023986811817977
V,15,0.01,0.12,0.15,4,0.4,0.075855999580291
V,15,0.01,0.12,0.15,3,0.2,0.131639193315524
V,15,0.01,0.12,0.15,5,0.0666666666666667,0.146959716107298
V,8,0.01,0.12,0.15,4,0.5,0.048062621535127
V,8,0.01,0.12,0.15,4,0,0.019948826616495
V,8,0.01,0.12,0.15,3,0.25,0.205219876899439
V,8,0.01,0.12,0.15,2,0.125,0.065551700893364
V,8,0.01,0.12,0.15,4,0.25,0.024714348139618
V,8,0.01,0.12,0.15,3,0.25,0.061064554649132
V,8,0.01,0.12,0.15,4,0.25,0.117524057309332
V,8,0.01,0.12,0.15,3,0.625,0.193816007981997
V,8,0.01,0.12,0.15,3,0.375,0.192932630849208
V,8,0.01,0.12,0.15,3,0.5,0.079474609982656
V,8,0.01,0.12,0.15,4,0.125,0.118029690558618
V,8,0.01,0.12,0.15,3,0.125,0.113621227271589
V,8,0.01,0.12,0.15,2,0.625,0.246223221515511
V,8,0.01,0.12,0.15,3,0.5,0.229283754433009
V,8,0.01,0.12,0.15,4,0.125,0.067084627041958
V,8,0.01,0.12,0.15,3,0.25,0.17205689775889
V,8,0.01,0.12,0.15,3,0.375,0.19781780333273
V,8,0.01,0.12,0.15,2,0.5,0.124659161777548
V,8,0.01,0.12,0.15,4,0,0.028112576487051
V,8,0.01,0.12,0.15,4,0.375,0.050088355618365
V,8,0.01,0.12,0.15,3,0.375,0.14959880466331
V,8,0.01,0.12,0.15,2,0.25,0.307692798661168
V,8,0.01,0.12,0.15,4,0.125,0.027459202781021
V,8,0.01,0.12,0.15,4,0.125,0.051879625768901
V,8,0.01,0.12,0.15,2,0.25,0.093715105483242
V,8,0.01,0.12,0.15,3,0.375,0.086739801348978
V,8,0.01,0.12,0.15,4,0.25,0.069295100075028
V,8,0.01,0.12,0.15,4,0.375,0.079377992558819
V,8,0.01,0.12,0.15,2,0.25,0.094271267026543
V,8,0.01,0.12,0.15,4,0,0.053090018001845
V,8,0.01,0.12,0.15,3,0.375,0.198478985510973
V,8,0.01,0.12,0.15,5,0,0.037708893317829
V,8,0.01,0.12,0.15,3,0.375,0.322755079317576
V,8,0.01,0.12,0.15,4,0.125,0.042132242961088
V,8,0.01,0.12,0.15,2,0.125,0.2359575670464
V,8,0.01,0.12,0.15,4,0.125,0.147157204479322
V,8,0.01,0.12,0.15,4,0.125,0.062404028002742
V,8,0.01,0.12,0.15,3,0.5,0.114295926846723
V,8,0.01,0.12,0.15,4,0,0.018331531823859
V,8,0.01,0.12,0.15,3,0.25,0.076412103991107
V,8,0.01,0.12,0.15,4,0.25,0.056383432677142
V,8,0.01,0.12,0.15,5,0.125,0.047062116276212
V,8,0.01,0.12,0.15,3,0.375,0.096927645840621
V,8,0.01,0.12,0.15,3,0.375,0.228852357223261
V,8,0.01,0.12,0.15,3,0.25,0.046003346526322
V,8,0.01,0.12,0.15,3,0.5,0.104673009747675
V,8,0.01,0.12,0.15,3,0.375,0.280594218566887
V,8,0.01,0.12,0.15,4,0.25,0.068422345883195
V,8,0.01,0.12,0.15,2,0.375,0.166448002917406
V,8,0.01,0.12,0.15,3,0.5,0.053682348115422
V,8,0.01,0.12,0.15,3,0.375,0.132576887219127
V,8,0.01,0.12,0.15,2,0.5,0.224128161512346
V,8,0.01,0.12,0.15,3,0.125,0.048019915421162
V,8,0.01,0.12,0.15,4,0,0.047122488593213
V,8,0.01,0.12,0.15,3,0.375,0.234185169990737
V,8,0.01,0.12,0.15,2,0.75,0.090958229287141
V,8,0.01,0.12,0.15,3,0.125,0.038535562926632
V,8,0.01,0.12,0.15,3,0.5,0.13309934034375
V,8,0.01,0.12,0.15,2,0.375,0.137975377263952
V,8,0.01,0.12,0.15,2,0.625,0.219309576996868
V,8,0.01,0.12,0.15,3,0.625,0.193480742604316
V,8,0.01,0.12,0.15,3,0.625,0.219676580145679
V,8,0.01,0.12,0.15,4,0,0.049790568024967
V,8,0.01,0.12,0.15,3,0,0.123035688731743
V,8,0.01,0.12,0.15,3,0.125,0.042080115590601
V,8,0.01,0.12,0.15,5,0.125,0.064195031153044
V,8,0.01,0.12,0.15,4,0.375,0.056330357469904
V,8,0.01,0.12,0.15,3,0.125,0.030505184166194
V,8,0.01,0.12,0.15,3,0.125,0.108714691678244
V,8,0.01,0.12,0.15,2,0.75,0.352051890210231
V,8,0.01,0.12,0.15,2,0.5,0.17809981118734
V,8,0.01,0.12,0.15,4,0.125,0.141242237964821
V,8,0.01,0.12,0.15,3,0.125,0.046204754557828
V,8,0.01,0.12,0.15,2,0.5,0.277811597772937
V,8,0.01,0.12,0.15,4,0.375,0.05266148800505
V,8,0.01,0.12,0.15,2,0.375,0.097603957671798
V,8,0.01,0.12,0.15,4,0.125,0.318891498104834
V,8,0.01,0.12,0.15,3,0.25,0.132460280905415
V,8,0.01,0.12,0.15,2,0.5,0.207284233162668
V,8,0.01,0.12,0.15,4,0.125,0.0549996105064
V,8,0.01,0.12,0.15,2,0.375,0.097066754917524
V,8,0.01,0.12,0.15,3,0.5,0.179237745183505
V,8,0.01,0.12,0.15,2,0.5,0.110368775107705
V,8,0.01,0.12,0.15,3,0.5,0.28518538977574
V,8,0.01,0.12,0.15,4,0.25,0.126714969075834
V,8,0.01,0.12,0.15,3,0.5,0.070958298711655
V,8,0.01,0.12,0.15,1,1,0.169199630986546
V,8,0.01,0.12,0.15,3,0.25,0.111000609110947
V,8,0.01,0.12,0.15,3,0.125,0.030707738926827
V,8,0.01,0.12,0.15,4,0.25,0.139137597610815
V,8,0.01,0.12,0.15,2,0.5,0.314709085731765
V,8,0.01,0.12,0.15,3,0.125,0.045134915744883
V,8,0.01,0.12,0.15,3,0.625,0.350202082865009
V,8,0.01,0.12,0.15,4,0.125,0.036532909955712
V,8,0.01,0.12,0.15,3,0.25,0.04808490842233
V,8,0.01,0.12,0.15,3,0.25,0.298520333658589
V,8,0.01,0.12,0.15,3,0.5,0.186466192036672
V,8,0.01,0.12,0.15,5,0,0.038644379712685
V,8,0.01,0.12,0.15,3,0.375,0.074041010620747
V,8,0.01,0.12,0.15,4,0.5,0.119449196522135
